Image ID,Class
1,tree
2,tree
16,tree
23,tree
24,tree
26,tree
38,tree
47,tree
48,tree
52,tree
53,tree
87,tree
101,tree
103,tree
108,tree
113,tree
130,tree
136,tree
137,tree
138,tree
142,tree
148,tree
150,tree
157,tree
165,tree
172,tree
176,tree
180,tree
188,tree
189,tree
192,tree
194,tree
197,tree
201,tree
202,tree
203,tree
204,tree
206,tree
210,tree
213,tree
217,tree
218,tree
221,tree
222,tree
226,tree
228,tree
229,tree
242,tree
245,tree
246,tree
250,tree
257,tree
262,tree
263,tree
267,tree
269,tree
271,tree
272,tree
275,tree
276,tree
279,tree
281,tree
282,tree
285,tree
287,tree
290,tree
291,tree
294,tree
298,tree
301,tree
303,tree
304,tree
310,tree
311,tree
313,tree
314,tree
319,tree
320,tree
321,tree
327,tree
339,tree
341,tree
343,tree
344,tree
345,tree
346,tree
354,tree
361,tree
362,tree
364,tree
366,tree
368,tree
376,tree
400,tree
401,tree
402,tree
421,tree
422,tree
423,tree
427,tree
428,tree
430,tree
434,tree
435,tree
438,tree
445,tree
456,tree
458,tree
459,tree
464,tree
465,tree
468,tree
469,tree
470,tree
471,tree
472,tree
477,tree
480,tree
485,tree
486,tree
488,tree
491,tree
518,tree
521,tree
536,tree
539,tree
547,tree
558,tree
561,tree
581,tree
582,tree
589,tree
591,tree
592,tree
599,tree
609,tree
610,tree
614,tree
617,tree
618,tree
626,tree
627,tree
629,tree
630,tree
647,tree
650,tree
653,tree
654,tree
655,tree
658,tree
660,tree
666,tree
670,tree
673,tree
674,tree
687,tree
688,tree
689,tree
697,tree
701,tree
703,tree
704,tree
712,tree
713,tree
714,tree
717,tree
719,tree
721,tree
723,tree
726,tree
729,tree
737,tree
745,tree
747,tree
753,tree
758,tree
760,tree
762,tree
763,tree
766,tree
772,tree
773,tree
780,tree
782,tree
789,tree
792,tree
804,tree
807,tree
819,tree
823,tree
826,tree
827,tree
829,tree
832,tree
833,tree
837,tree
839,tree
843,tree
844,tree
845,tree
848,tree
849,tree
850,tree
858,tree
859,tree
862,tree
864,tree
865,tree
871,tree
872,tree
874,tree
875,tree
878,tree
879,tree
889,tree
891,tree
893,tree
894,tree
896,tree
901,tree
903,tree
913,tree
915,tree
922,tree
925,tree
938,tree
942,tree
949,tree
951,tree
952,tree
953,tree
959,tree
965,tree
967,tree
969,tree
971,tree
972,tree
973,tree
975,tree
976,tree
977,tree
980,tree
985,tree
1001,tree
1010,tree
1024,tree
1031,tree
1042,tree
1059,tree
1070,tree
1083,tree
1095,tree
1114,tree
1115,tree
1122,tree
1127,tree
1129,tree
1131,tree
1141,tree
1150,tree
1160,tree
1161,tree
1193,tree
1205,tree
1214,tree
1218,tree
1227,tree
1235,tree
1239,tree
1242,tree
1249,tree
1258,tree
1259,tree
1267,tree
1270,tree
1274,tree
1275,tree
1281,tree
1286,tree
1289,tree
1290,tree
1291,tree
1294,tree
1295,tree
1299,tree
1317,tree
1321,tree
1323,tree
1324,tree
1331,tree
1334,tree
1335,tree
1363,tree
1367,tree
1377,tree
1383,tree
1401,tree
1403,tree
1404,tree
1405,tree
1406,tree
1407,tree
1408,tree
1410,tree
1411,tree
1412,tree
1414,tree
1415,tree
1416,tree
1417,tree
1418,tree
1419,tree
1421,tree
1422,tree
1424,tree
1425,tree
1426,tree
1427,tree
1428,tree
1429,tree
1432,tree
1434,tree
1435,tree
1436,tree
1437,tree
1438,tree
1439,tree
1440,tree
1444,tree
1445,tree
1446,tree
1447,tree
1448,tree
1450,tree
1452,tree
1453,tree
1454,tree
1456,tree
1475,tree
1476,tree
1477,tree
1478,tree
1479,tree
1481,tree
1482,tree
1483,tree
1484,tree
1487,tree
1488,tree
1489,tree
1490,tree
1491,tree
1495,tree
1497,tree
1498,tree
1499,tree
1503,tree
1505,tree
1507,tree
1509,tree
1510,tree
1513,tree
1528,tree
1530,tree
1531,tree
1532,tree
1533,tree
1534,tree
1535,tree
1538,tree
1539,tree
1540,tree
1541,tree
1542,tree
1543,tree
1552,tree
1553,tree
1559,tree
1560,tree
1563,tree
1564,tree
1565,tree
1568,tree
1570,tree
1571,tree
1575,tree
1576,tree
1577,tree
1579,tree
1581,tree
1586,tree
1587,tree
1602,tree
1603,tree
1604,tree
1608,tree
1609,tree
1610,tree
1611,tree
1614,tree
1615,tree
1616,tree
1624,tree
1625,tree
1628,tree
1631,tree
1632,tree
1633,tree
1634,tree
1635,tree
1636,tree
1638,tree
1640,tree
1641,tree
1643,tree
1644,tree
1645,tree
1646,tree
1648,tree
1650,tree
1652,tree
1653,tree
1655,tree
1656,tree
1658,tree
1659,tree
1692,tree
1693,tree
1696,tree
1712,tree
1716,tree
1720,tree
1723,tree
1724,tree
1725,tree
1728,tree
1731,tree
1736,tree
1737,tree
1738,tree
1749,tree
1751,tree
1752,tree
1753,tree
1754,tree
1757,tree
1759,tree
1761,tree
1776,tree
1778,tree
1779,tree
1781,tree
1783,tree
1784,tree
1785,tree
1788,tree
1789,tree
1791,tree
1794,tree
1795,tree
1796,tree
1798,tree
1804,tree
1807,tree
1813,tree
1815,tree
1821,tree
1822,tree
1830,tree
1833,tree
1835,tree
1838,tree
1841,tree
1843,tree
1844,tree
1845,tree
1846,tree
1847,tree
1848,tree
1849,tree
1854,tree
1856,tree
1860,tree
1862,tree
1864,tree
1868,tree
1870,tree
1873,tree
1875,tree
1877,tree
1878,tree
1879,tree
1880,tree
1884,tree
1885,tree
1887,tree
1888,tree
1890,tree
1891,tree
1899,tree
2048,car
1,car
2,car
16,car
22,car
23,car
24,car
25,car
26,car
2076,car
2085,car
2086,car
2087,car
45,car
2093,car
47,car
2094,car
49,car
53,car
54,car
57,car
59,car
61,car
2110,car
2111,car
65,car
2117,car
2126,car
2138,car
2143,car
101,car
102,car
103,car
104,car
105,car
108,car
109,car
113,car
2174,car
132,car
137,car
138,car
145,car
171,car
2224,car
2227,car
2228,car
2229,car
2230,car
2232,car
2233,car
2234,car
2235,car
2236,car
2237,car
2238,car
2239,car
192,car
2240,car
2241,car
2243,car
2244,car
2245,car
198,car
2246,car
201,car
2249,car
203,car
2252,car
205,car
2253,car
217,car
222,car
224,car
225,car
229,car
231,car
236,car
243,car
246,car
250,car
261,car
262,car
269,car
270,car
271,car
276,car
279,car
280,car
282,car
290,car
294,car
301,car
302,car
303,car
306,car
308,car
310,car
311,car
313,car
314,car
316,car
318,car
320,car
321,car
323,car
327,car
338,car
340,car
343,car
345,car
361,car
362,car
365,car
368,car
400,car
401,car
422,car
423,car
426,car
427,car
428,car
429,car
435,car
438,car
439,car
451,car
452,car
457,car
459,car
460,car
462,car
464,car
469,car
471,car
477,car
479,car
530,car
539,car
546,car
581,car
585,car
587,car
589,car
601,car
604,car
606,car
608,car
611,car
612,car
618,car
619,car
620,car
621,car
624,car
625,car
626,car
627,car
629,car
630,car
633,car
636,car
646,car
647,car
677,car
692,car
698,car
700,car
712,car
713,car
714,car
721,car
723,car
725,car
726,car
737,car
741,car
743,car
749,car
762,car
763,car
765,car
766,car
767,car
768,car
770,car
771,car
772,car
773,car
779,car
782,car
788,car
790,car
792,car
802,car
806,car
807,car
812,car
819,car
821,car
822,car
823,car
829,car
833,car
834,car
835,car
837,car
838,car
839,car
848,car
849,car
850,car
857,car
858,car
863,car
864,car
868,car
869,car
871,car
873,car
874,car
876,car
887,car
888,car
901,car
913,car
928,car
953,car
960,car
963,car
985,car
1010,car
1066,car
1074,car
1099,car
1124,car
1198,car
1228,car
1229,car
1258,car
1259,car
1287,car
1321,car
1324,car
1380,car
1382,car
1383,car
1385,car
1403,car
1404,car
1405,car
1406,car
1407,car
1408,car
1410,car
1411,car
1412,car
1414,car
1415,car
1420,car
1421,car
1422,car
1425,car
1426,car
1427,car
1428,car
1429,car
1431,car
1432,car
1433,car
1438,car
1439,car
1440,car
1441,car
1442,car
1443,car
1444,car
1446,car
1447,car
1448,car
1450,car
1452,car
1453,car
1454,car
1455,car
1456,car
1457,car
1459,car
1460,car
1461,car
1462,car
1464,car
1465,car
1466,car
1468,car
1469,car
1470,car
1471,car
1472,car
1473,car
1474,car
1475,car
1477,car
1478,car
1479,car
1480,car
1481,car
1484,car
1485,car
1486,car
1487,car
1491,car
1492,car
1494,car
1495,car
1497,car
1498,car
1499,car
1500,car
1502,car
1503,car
1506,car
1507,car
1509,car
1510,car
1511,car
1512,car
1528,car
1530,car
1532,car
1533,car
1535,car
1537,car
1538,car
1539,car
1553,car
1554,car
1557,car
1560,car
1561,car
1562,car
1563,car
1564,car
1565,car
1566,car
1567,car
1568,car
1570,car
1571,car
1572,car
1576,car
1577,car
1578,car
1580,car
1581,car
1582,car
1584,car
1585,car
1586,car
1587,car
1600,car
1602,car
1603,car
1604,car
1608,car
1610,car
1611,car
1615,car
1622,car
1623,car
1625,car
1626,car
1627,car
1628,car
1632,car
1634,car
1635,car
1637,car
1638,car
1639,car
1640,car
1641,car
1642,car
1643,car
1644,car
1645,car
1646,car
1649,car
1650,car
1653,car
1655,car
1656,car
1658,car
1659,car
1660,car
1692,car
1693,car
1694,car
1695,car
1696,car
1710,car
1712,car
1714,car
1716,car
1717,car
1720,car
1725,car
1728,car
1729,car
1730,car
1737,car
1738,car
1740,car
1742,car
1750,car
1752,car
1753,car
1754,car
1755,car
1757,car
1758,car
1759,car
1760,car
1761,car
1767,car
1770,car
1771,car
1772,car
1775,car
1776,car
1777,car
1778,car
1782,car
1783,car
1789,car
1790,car
1792,car
1793,car
1794,car
1796,car
1797,car
1798,car
1799,car
1810,car
1817,car
1818,car
1825,car
1828,car
1836,car
1841,car
1842,car
1843,car
1844,car
1845,car
1846,car
1847,car
1848,car
1849,car
1850,car
1852,car
1853,car
1854,car
1855,car
1857,car
1858,car
1859,car
1860,car
1861,car
1862,car
1863,car
1864,car
1867,car
1868,car
1869,car
1871,car
1872,car
1873,car
1875,car
1877,car
1878,car
1879,car
1880,car
1881,car
1885,car
1886,car
1900,car
1905,car
1910,car
1915,car
1924,car
1930,car
1935,car
1938,car
1939,car
1940,car
1942,car
1943,car
1969,car
2034,car
2047,car
1,man
2,man
8,man
10,man
16,man
18,man
20,man
23,man
24,man
25,man
26,man
45,man
47,man
48,man
49,man
57,man
58,man
59,man
61,man
65,man
70,man
74,man
77,man
83,man
87,man
105,man
109,man
114,man
115,man
126,man
131,man
133,man
2183,man
138,man
141,man
153,man
154,man
155,man
156,man
167,man
171,man
172,man
176,man
178,man
192,man
2250,man
2251,man
2254,man
2255,man
2256,man
2257,man
210,man
2261,man
2262,man
2264,man
2266,man
220,man
2270,man
2271,man
2272,man
2273,man
2275,man
2278,man
2280,man
235,man
2285,man
2286,man
2290,man
243,man
2292,man
2293,man
248,man
2297,man
2298,man
2299,man
252,man
2305,man
2307,man
260,man
2308,man
2311,man
264,man
2314,man
268,man
2317,man
2318,man
277,man
280,man
2330,man
2333,man
287,man
2337,man
2339,man
2340,man
2341,man
2344,man
304,man
305,man
2353,man
2355,man
2360,man
314,man
2363,man
319,man
2369,man
2370,man
323,man
2371,man
2372,man
326,man
2378,man
2379,man
2384,man
338,man
339,man
341,man
344,man
345,man
2396,man
2399,man
2400,man
2401,man
355,man
2407,man
360,man
361,man
2408,man
2409,man
365,man
2414,man
2415,man
2416,man
370,man
386,man
390,man
393,man
396,man
397,man
399,man
400,man
402,man
407,man
408,man
410,man
411,man
415,man
416,man
418,man
419,man
420,man
426,man
427,man
436,man
440,man
443,man
448,man
449,man
452,man
455,man
456,man
464,man
465,man
473,man
487,man
515,man
569,man
576,man
585,man
587,man
588,man
590,man
591,man
592,man
594,man
596,man
597,man
598,man
604,man
608,man
610,man
611,man
615,man
617,man
620,man
622,man
623,man
624,man
626,man
630,man
632,man
633,man
635,man
637,man
638,man
639,man
640,man
644,man
651,man
652,man
654,man
664,man
667,man
668,man
671,man
674,man
675,man
684,man
692,man
712,man
722,man
723,man
724,man
731,man
734,man
735,man
736,man
744,man
751,man
768,man
769,man
770,man
791,man
795,man
800,man
804,man
807,man
812,man
817,man
818,man
829,man
840,man
857,man
881,man
883,man
884,man
887,man
891,man
901,man
904,man
906,man
910,man
911,man
918,man
922,man
925,man
930,man
940,man
947,man
949,man
950,man
953,man
961,man
963,man
964,man
965,man
971,man
983,man
988,man
990,man
994,man
998,man
1003,man
1011,man
1013,man
1015,man
1017,man
1018,man
1020,man
1021,man
1022,man
1023,man
1027,man
1029,man
1035,man
1037,man
1038,man
1042,man
1043,man
1047,man
1048,man
1049,man
1055,man
1069,man
1071,man
1077,man
1079,man
1080,man
1082,man
1084,man
1086,man
1087,man
1088,man
1090,man
1091,man
1093,man
1094,man
1095,man
1101,man
1113,man
1116,man
1120,man
1123,man
1124,man
1126,man
1130,man
1136,man
1138,man
1140,man
1147,man
1150,man
1154,man
1155,man
1157,man
1159,man
1160,man
1162,man
1210,man
1211,man
1215,man
1216,man
1221,man
1225,man
1227,man
1231,man
1239,man
1243,man
1244,man
1245,man
1248,man
1250,man
1258,man
1261,man
1262,man
1263,man
1264,man
1265,man
1270,man
1275,man
1283,man
1284,man
1290,man
1291,man
1292,man
1296,man
1298,man
1321,man
1322,man
1323,man
1325,man
1326,man
1327,man
1328,man
1329,man
1342,man
1372,man
1374,man
1375,man
1376,man
1377,man
1380,man
1383,man
1384,man
1385,man
1395,man
1396,man
1398,man
1399,man
1401,man
1431,man
1433,man
1434,man
1436,man
1446,man
1447,man
1452,man
1453,man
1466,man
1469,man
1475,man
1478,man
1494,man
1496,man
1497,man
1498,man
1499,man
1500,man
1501,man
1502,man
1504,man
1505,man
1506,man
1510,man
1511,man
1513,man
1528,man
1529,man
1531,man
1533,man
1536,man
1539,man
1540,man
1541,man
1543,man
1554,man
1558,man
1560,man
1562,man
1563,man
1568,man
1571,man
1572,man
1581,man
1582,man
1602,man
1603,man
1604,man
1610,man
1612,man
1613,man
1614,man
1615,man
1626,man
1628,man
1632,man
1635,man
1637,man
1638,man
1640,man
1653,man
1658,man
1684,man
1691,man
1694,man
1695,man
1711,man
1714,man
1717,man
1720,man
1721,man
1728,man
1731,man
1733,man
1737,man
1739,man
1743,man
1744,man
1745,man
1747,man
1754,man
1755,man
1756,man
1758,man
1759,man
1761,man
1764,man
1765,man
1766,man
1769,man
1773,man
1774,man
1778,man
1782,man
1783,man
1786,man
1793,man
1795,man
1796,man
1797,man
1800,man
1808,man
1809,man
1811,man
1812,man
1813,man
1816,man
1817,man
1818,man
1820,man
1821,man
1831,man
1845,man
1855,man
1859,man
1864,man
1873,man
1882,man
1888,man
1889,man
1890,man
1899,man
1901,man
1902,man
1919,man
1925,man
1927,man
1928,man
1955,man
1958,man
1960,man
1974,man
2048,road
2,road
2066,road
22,road
2086,road
2087,road
2094,road
47,road
2095,road
2098,road
57,road
61,road
65,road
2117,road
2142,road
103,road
105,road
113,road
132,road
141,road
145,road
2224,road
2227,road
2231,road
2232,road
2236,road
2237,road
2241,road
2242,road
2243,road
2245,road
201,road
2249,road
2252,road
2254,road
2256,road
2257,road
2262,road
2263,road
2264,road
2266,road
2270,road
2271,road
224,road
2274,road
229,road
2277,road
2279,road
2278,road
2281,road
236,road
2284,road
2285,road
2286,road
2287,road
2293,road
248,road
2297,road
250,road
2300,road
253,road
2303,road
257,road
2307,road
2308,road
2309,road
2310,road
2311,road
2312,road
2315,road
270,road
271,road
2321,road
2323,road
2326,road
279,road
282,road
283,road
2331,road
287,road
290,road
2341,road
2346,road
2347,road
2348,road
308,road
311,road
2360,road
2364,road
2365,road
317,road
2367,road
2370,road
2372,road
2373,road
2374,road
2377,road
2378,road
2379,road
2382,road
2387,road
341,road
2395,road
2398,road
2399,road
355,road
2404,road
2403,road
2410,road
365,road
366,road
2413,road
368,road
2417,road
2421,road
2422,road
2424,road
2427,road
2429,road
2432,road
2433,road
2442,road
2463,road
2467,road
2468,road
2469,road
2470,road
423,road
2475,road
428,road
2476,road
435,road
2492,road
445,road
2493,road
2495,road
458,road
459,road
460,road
2508,road
2509,road
2510,road
464,road
2511,road
2516,road
2517,road
472,road
477,road
478,road
479,road
480,road
2527,road
2530,road
2540,road
2545,road
2546,road
2549,road
2550,road
2558,road
2561,road
2565,road
2567,road
530,road
2592,road
2595,road
2597,road
2598,road
2601,road
2605,road
2609,road
2610,road
585,road
587,road
588,road
2642,road
599,road
605,road
606,road
2670,road
624,road
2672,road
629,road
2692,road
2693,road
2695,road
2699,road
2701,road
2704,road
2705,road
2707,road
2708,road
2711,road
2712,road
2715,road
2716,road
2717,road
2719,road
2721,road
2722,road
677,road
2730,road
2731,road
699,road
700,road
702,road
703,road
2750,road
2752,road
2753,road
712,road
713,road
2761,road
2762,road
717,road
2765,road
2770,road
2777,road
735,road
2784,road
2785,road
2790,road
744,road
746,road
2799,road
2802,road
761,road
763,road
2811,road
765,road
766,road
767,road
768,road
2814,road
2815,road
771,road
2816,road
2818,road
2819,road
2821,road
2822,road
2826,road
779,road
2828,road
2833,road
2835,road
788,road
789,road
790,road
2839,road
2847,road
2848,road
802,road
2852,road
2854,road
807,road
809,road
2861,road
819,road
821,road
2875,road
2876,road
829,road
832,road
2880,road
834,road
2881,road
836,road
2883,road
2884,road
839,road
2887,road
2889,road
850,road
2904,road
857,road
858,road
860,road
863,road
864,road
873,road
2922,road
875,road
876,road
2925,road
2934,road
2935,road
888,road
2936,road
2937,road
2939,road
2940,road
2946,road
921,road
928,road
2987,road
2989,road
943,road
2992,road
2993,road
3000,road
964,road
3018,road
3022,road
3025,road
3026,road
3036,road
3038,road
3051,road
3056,road
3057,road
3058,road
3065,road
3067,road
3077,road
3081,road
3090,road
3095,road
3104,road
3111,road
3116,road
3119,road
3120,road
3125,road
3127,road
3129,road
3132,road
3143,road
3145,road
3147,road
3153,road
3154,road
3156,road
3160,road
3161,road
3166,road
1124,road
3174,road
3177,road
3181,road
3182,road
3185,road
3191,road
3193,road
3196,road
3197,road
3198,road
3201,road
3202,road
3209,road
3214,road
1258,road
1287,road
1383,road
1403,road
1411,road
1412,road
1414,road
1422,road
1423,road
1424,road
1427,road
1431,road
1438,road
1443,road
1444,road
1446,road
1453,road
1454,road
1466,road
1468,road
1478,road
1479,road
1480,road
1487,road
1492,road
1498,road
1500,road
1501,road
1510,road
1513,road
1531,road
1535,road
1539,road
1540,road
1564,road
1570,road
1577,road
1579,road
1582,road
1585,road
1586,road
1608,road
1615,road
1616,road
1622,road
1623,road
1625,road
1631,road
1633,road
1634,road
1635,road
1638,road
1641,road
1642,road
1645,road
1647,road
1651,road
1654,road
1655,road
1656,road
1659,road
1692,road
1693,road
1695,road
1705,road
1706,road
1711,road
1716,road
1718,road
1719,road
1720,road
1725,road
1728,road
1730,road
1738,road
1742,road
1750,road
1752,road
1753,road
1754,road
1756,road
1758,road
1759,road
1762,road
1767,road
1768,road
1770,road
1771,road
1775,road
1779,road
1782,road
1789,road
1791,road
1794,road
1795,road
1797,road
1798,road
1804,road
1806,road
1810,road
1817,road
1818,road
1831,road
1836,road
1837,road
1838,road
1839,road
1840,road
1841,road
1843,road
1844,road
1845,road
1846,road
1847,road
1848,road
1849,road
1850,road
1851,road
1853,road
1857,road
1858,road
1859,road
1860,road
1861,road
1864,road
1865,road
1866,road
1869,road
1873,road
1876,road
1880,road
1885,road
1886,road
1887,road
1905,road
1914,road
1916,road
1924,road
1928,road
1935,road
1937,road
1938,road
1939,road
1942,road
1944,road
1956,road
1967,road
1975,road
2046,road
2047,road
1,building
2,building
9,building
11,building
16,building
22,building
23,building
24,building
25,building
26,building
29,building
42,building
45,building
47,building
48,building
49,building
52,building
53,building
54,building
55,building
56,building
57,building
58,building
59,building
61,building
95,building
99,building
102,building
103,building
104,building
105,building
108,building
109,building
113,building
117,building
120,building
126,building
130,building
134,building
135,building
136,building
137,building
138,building
141,building
150,building
158,building
164,building
165,building
169,building
172,building
176,building
180,building
181,building
185,building
190,building
192,building
194,building
197,building
202,building
203,building
205,building
206,building
208,building
212,building
213,building
214,building
215,building
217,building
218,building
222,building
224,building
225,building
227,building
229,building
235,building
236,building
237,building
243,building
245,building
246,building
248,building
250,building
253,building
255,building
256,building
261,building
262,building
264,building
269,building
270,building
271,building
272,building
273,building
275,building
277,building
279,building
282,building
283,building
286,building
287,building
289,building
294,building
301,building
302,building
303,building
304,building
305,building
306,building
308,building
310,building
313,building
317,building
319,building
320,building
326,building
333,building
338,building
339,building
340,building
341,building
342,building
343,building
344,building
345,building
346,building
347,building
354,building
355,building
361,building
368,building
373,building
397,building
401,building
402,building
407,building
423,building
425,building
426,building
427,building
428,building
431,building
432,building
435,building
436,building
437,building
438,building
439,building
443,building
445,building
449,building
451,building
455,building
456,building
457,building
459,building
460,building
462,building
463,building
464,building
465,building
469,building
470,building
471,building
472,building
480,building
485,building
486,building
487,building
488,building
498,building
513,building
515,building
521,building
576,building
577,building
581,building
582,building
585,building
588,building
589,building
590,building
591,building
592,building
594,building
596,building
597,building
599,building
600,building
601,building
602,building
604,building
605,building
606,building
607,building
608,building
609,building
610,building
614,building
618,building
619,building
620,building
621,building
624,building
626,building
627,building
629,building
630,building
632,building
633,building
635,building
636,building
638,building
639,building
644,building
645,building
647,building
648,building
649,building
658,building
666,building
669,building
670,building
671,building
672,building
673,building
674,building
675,building
677,building
678,building
698,building
700,building
704,building
708,building
713,building
714,building
715,building
716,building
720,building
721,building
722,building
723,building
725,building
727,building
728,building
729,building
731,building
733,building
734,building
736,building
737,building
740,building
741,building
742,building
743,building
746,building
747,building
749,building
752,building
753,building
754,building
758,building
759,building
760,building
761,building
763,building
764,building
765,building
766,building
767,building
769,building
771,building
772,building
773,building
774,building
776,building
778,building
779,building
780,building
782,building
785,building
788,building
790,building
791,building
792,building
795,building
796,building
800,building
802,building
804,building
806,building
807,building
809,building
810,building
811,building
813,building
815,building
817,building
818,building
819,building
820,building
821,building
822,building
823,building
829,building
833,building
834,building
838,building
839,building
840,building
844,building
845,building
848,building
857,building
858,building
859,building
860,building
861,building
865,building
867,building
869,building
871,building
872,building
873,building
874,building
875,building
876,building
879,building
880,building
883,building
887,building
892,building
894,building
901,building
903,building
904,building
911,building
913,building
915,building
921,building
928,building
933,building
937,building
941,building
943,building
947,building
949,building
950,building
951,building
953,building
959,building
961,building
963,building
965,building
967,building
969,building
973,building
975,building
976,building
977,building
978,building
980,building
981,building
982,building
983,building
991,building
992,building
993,building
995,building
999,building
1001,building
1002,building
1010,building
1011,building
1016,building
1022,building
1028,building
1030,building
1041,building
1042,building
1049,building
1053,building
1057,building
1069,building
1071,building
1072,building
1089,building
1105,building
1113,building
1114,building
1123,building
1124,building
1125,building
1133,building
1134,building
1136,building
1141,building
1144,building
1153,building
1154,building
1163,building
1169,building
1193,building
1205,building
1206,building
1208,building
1227,building
1242,building
1255,building
1258,building
1267,building
1271,building
1274,building
1281,building
1287,building
1288,building
1292,building
1295,building
1296,building
1297,building
1298,building
1323,building
1325,building
1331,building
1334,building
1379,building
1380,building
1382,building
1383,building
1384,building
1385,building
1392,building
1400,building
1401,building
1403,building
1404,building
1405,building
1406,building
1407,building
1408,building
1409,building
1411,building
1412,building
1413,building
1414,building
1415,building
1416,building
1417,building
1418,building
1419,building
1423,building
1424,building
1427,building
1428,building
1429,building
1430,building
1431,building
1433,building
1437,building
1438,building
1441,building
1442,building
1443,building
1444,building
1447,building
1451,building
1452,building
1453,building
1454,building
1455,building
1456,building
1457,building
1459,building
1460,building
1461,building
1462,building
1467,building
1469,building
1475,building
1476,building
1477,building
1478,building
1479,building
1480,building
1481,building
1482,building
1483,building
1484,building
1486,building
1487,building
1489,building
1490,building
1492,building
1493,building
1494,building
1495,building
1498,building
1499,building
1500,building
1501,building
1502,building
2048,window
1,window
5,window
9,window
2065,window
4113,window
48,window
49,window
2100,window
4148,window
55,window
58,window
4161,window
4168,window
61513,window
2128,window
4176,window
4177,window
61520,window
2143,window
4193,window
4198,window
4200,window
108,window
113,window
2166,window
122,window
4218,window
126,window
2180,window
2185,window
2196,window
2197,window
61595,window
4255,window
4258,window
169,window
4266,window
176,window
2232,window
192,window
4299,window
2254,window
2259,window
2261,window
2268,window
222,window
2270,window
225,window
227,window
2275,window
2280,window
2281,window
236,window
4338,window
712948,window
4341,window
246,window
248,window
2296,window
2297,window
497912,window
712955,window
4354,window
261,window
497932,window
270,window
271,window
2318,window
2319,window
2320,window
275,window
497935,window
2326,window
4376,window
2329,window
282,window
497946,window
497953,window
2339,window
4389,window
2342,window
497958,window
2344,window
2346,window
301,window
497965,window
4402,window
497970,window
713010,window
314,window
2365,window
497986,window
497987,window
497989,window
2374,window
2376,window
713032,window
2379,window
2380,window
497996,window
2384,window
2386,window
713042,window
713045,window
344,window
345,window
2395,window
4448,window
2404,window
2412,window
2417,window
498035,window
2422,window
713079,window
713081,window
2426,window
4476,window
2436,window
2437,window
498053,window
498055,window
713099,window
2445,window
498067,window
498069,window
4506,window
4507,window
2461,window
4510,window
498083,window
2468,window
2469,window
423,window
427,window
4523,window
432,window
434,window
4530,window
2494,window
498111,window
498112,window
498114,window
713156,window
2503,window
2504,window
457,window
713167,window
2512,window
498132,window
713172,window
472,window
498137,window
2532,window
4580,window
486,window
4583,window
713198,window
713204,window
498165,window
2554,window
498172,window
2415103,window
713215,window
2563,window
498180,window
4614,window
519,window
2570,window
2572,window
713229,window
2577,window
498196,window
2415143,window
4648,window
2415146,window
2415147,window
4661,window
2415157,window
4663,window
713275,window
498237,window
2624,window
498248,window
585,window
2415182,window
713297,window
597,window
4696,window
4697,window
4698,window
4704,window
4708,window
498280,window
620,window
4717,window
498284,window
713324,window
498291,window
2676,window
635,window
4732,window
2687,window
713343,window
641,window
642,window
4738,window
644,window
646,window
647,window
2703,window
2706,window
4758,window
4762,window
498331,window
4765,window
671,window
498336,window
673,window
4769,window
713375,window
498340,window
498356,window
2741,window
2746,window
704,window
498377,window
2762,window
2763,window
2764,window
498379,window
498384,window
721,window
2770,window
2772,window
729,window
2781,window
2783,window
2788,window
713444,window
742,window
498406,window
498411,window
2799,window
754,window
2802,window
150258,window
150260,window
713458,window
2815,window
769,window
2818,window
150274,window
713486,window
150293,window
792,window
2842,window
150298,window
2847,window
802,window
4901,window
2855,window
4909,window
814,window
815,window
713517,window
150321,window
825,window
4924,window
150333,window
713549,window
150352,window
150361,window
713561,window
4956,window
861,window
4960,window
150372,window
872,window
2922,window
150380,window
150383,window
150393,window
713594,window
892,window
2940,window
713600,window
2946,window
4998,window
713606,window
150408,window
713607,window
150432,window
2980,window
285609,window
941,window
943,window
2992,window
150449,window
2994,window
950,window
2998,window
150456,window
713656,window
150463,window
150468,window
3014,window
713674,window
973,window
285645,window
150482,window
983,window
285658,window
991,window
992,window
3040,window
3049,window
150506,window
3065,window
150521,window
3067,window
285689,window
3072,window
3074,window
3084,window
150542,window
150546,window
285717,window
150550,window
3111,window
3119,window
3120,window
3124,window
285750,window
3129,window
3130,window
3133,window
1090,window
3139,window
285765,window
285766,window
3150,window
3152,window
3166,window
1131,window
1132,window
285808,window
285811,window
3192,window
3194,window
3209,window
3212,window
285836,window
3216,window
3220,window
3224,window
3229,window
3232,window
285861,window
3241,window
3246,window
285870,window
285874,window
3252,window
3253,window
3255,window
3320,window
3325,window
3330,window
285954,window
3336,window
3337,window
3347,window
3351,window
3367,window
3370,window
3371,window
3377,window
1334,window
3394,window
3398,window
286031,window
3408,window
3410,window
3414,window
1367,window
3424,window
286053,window
3432,window
3441,window
3443,window
1400,window
1401,window
1406,window
107906,window
1412,window
1418,window
3475,window
3476,window
1429,window
3477,window
3479,window
107940,window
1446,window
3494,window
3497,window
1473,window
3527,window
1482,window
1489,window
1490,window
3544,window
3547,window
1509,window
3559,window
3571,window
1530,window
1539,window
3588,window
1541,window
1545,window
3596,window
1568,window
3617,window
1570,window
1574,window
3622,window
1576,window
3628,window
3631,window
1585,window
3634,window
1589,window
3644,window
3645,window
3661,window
3666,window
3676,window
3698,window
3702,window
1657,window
3716,window
3721,window
3722,window
3723,window
3725,window
1692,window
1700,window
1713,window
3762,window
3766,window
3767,window
3771,window
3777,window
1732,window
3782,window
3783,window
3792,window
1761,window
3812,window
3813,window
3816,window
1777,window
1781,window
1784,window
3851,window
3854,window
3855,window
3856,window
1814,window
1818,window
1825,window
1826,window
3879,window
1841,window
1843,window
1848,window
3898,window
1854,window
3904,window
1864,window
3917,window
3923,window
1877,window
3932,window
3933,window
1887,window
3936,window
3938,window
3943,window
3971,window
3972,window
1928,window
1937,window
3986,window
1943,window
3995,window
1952,window
1968,window
2043,window
3,desk
4,desk
5,desk
7,desk
8,desk
9,desk
10,desk
11,desk
12,desk
13,desk
14,desk
15,desk
2059,desk
17,desk
18,desk
19,desk
20,desk
2065,desk
2068,desk
2402330,desk
2404381,desk
2404386,desk
35,desk
2406438,desk
2408492,desk
50,desk
2406468,desk
71,desk
4169,desk
2408526,desk
4184,desk
2408541,desk
2156,desk
117,desk
1159285,desk
2167,desk
2168,desk
2402426,desk
2404478,desk
2179,desk
2410638,desk
2204,desk
4259,desk
2213,desk
2214,desk
2414761,desk
2402475,desk
4107,desk
2408632,desk
2406586,desk
2408639,desk
2406593,desk
2406594,desk
4291,desk
2404545,desk
2402500,desk
2414796,desk
2408661,desk
2408663,desk
4319,desk
2402537,desk
2402548,desk
4346,desk
4347,desk
712960,desk
2410753,desk
258,desk
2408706,desk
4356,desk
2410759,desk
268,desk
4367,desk
2406682,desk
2406686,desk
2410791,desk
497962,desk
497968,desk
497977,desk
1159491,desk
2408772,desk
2402630,desk
331,desk
2406732,desk
1159501,desk
2402636,desk
335,desk
2412887,desk
2404699,desk
498019,desk
360,desk
369,desk
370,desk
4465,desk
1159540,desk
372,desk
713078,desk
373,desk
376,desk
377,desk
4466,desk
713084,desk
380,desk
381,desk
383,desk
386,desk
390,desk
392,desk
2406793,desk
2408845,desk
405,desk
406,desk
408,desk
2458,desk
4506,desk
713115,desk
2408864,desk
420,desk
2408874,desk
2404783,desk
1159601,desk
713141,desk
1159606,desk
498103,desk
2410948,desk
4550,desk
2410950,desk
2404808,desk
2404822,desk
2410971,desk
2408923,desk
498143,desk
2408929,desk
2404843,desk
713197,desk
1591793,desk
498164,desk
4622,desk
498191,desk
4626,desk
713234,desk
498197,desk
536,desk
2415131,desk
2406940,desk
1159710,desk
2411038,desk
4641,desk
713256,desk
4659,desk
2411065,desk
4666,desk
574,desk
713279,desk
713285,desk
2402900,desk
1591898,desk
498271,desk
2411106,desk
498275,desk
2411107,desk
2402928,desk
713333,desk
2404981,desk
1159803,desk
1159805,desk
1591936,desk
713350,desk
2409106,desk
2402972,desk
713374,desk
1159857,desk
713397,desk
713399,desk
713414,desk
2407117,desk
498382,desk
713429,desk
713433,desk
2411225,desk
713435,desk
1159907,desk
1159909,desk
1592038,desk
713451,desk
2405112,desk
2403066,desk
2405119,desk
1159939,desk
2409226,desk
1592088,desk
2403096,desk
2403823,desk
2409244,desk
713504,desk
4900,desk
2409255,desk
2405160,desk
2405161,desk
2411306,desk
713517,desk
4914,desk
2407218,desk
1159988,desk
4920,desk
4922,desk
4923,desk
1159999,desk
713537,desk
1160008,desk
150347,desk
2403149,desk
1592149,desk
713564,desk
713573,desk
713576,desk
882,desk
150396,desk
895,desk
2411392,desk
2409344,desk
4994,desk
899,desk
2405252,desk
2403201,desk
150406,desk
2409355,desk
1160078,desk
713617,desk
1160081,desk
2407315,desk
150425,desk
713627,desk
1160091,desk
2409377,desk
930,desk
2403233,desk
2403239,desk
150440,desk
2409384,desk
285616,desk
150449,desk
2407346,desk
1592243,desk
1160117,desk
285623,desk
1592248,desk
150457,desk
1160121,desk
285627,desk
150460,desk
713661,desk
713663,desk
1160136,desk
713679,desk
1592271,desk
2409425,desk
2409429,desk
2401251,desk
150502,desk
2411495,desk
713711,desk
1592304,desk
1014,desk
713723,desk
1021,desk
2401278,desk
285695,desk
150531,desk
2405388,desk
2407444,desk
2407451,desk
1592349,desk
1592350,desk
2407456,desk
1060,desk
2407461,desk
1592359,desk
2405415,desk
1160233,desk
1066,desk
1592365,desk
2413614,desk
2405422,desk
713779,desk
1592373,desk
285751,desk
2405438,desk
1087,desk
2405440,desk
713794,desk
2409539,desk
713796,desk
2401347,desk
1099,desk
285773,desk
1102,desk
1104,desk
285777,desk
1106,desk
713809,desk
1108,desk
2409553,desk
1111,desk
2409568,desk
2409573,desk
2405480,desk
1592432,desk
1150,desk
2403459,desk
1165,desk
713871,desk
2403478,desk
2413728,desk
285860,desk
713901,desk
1592495,desk
2405561,desk
2405566,desk
285897,desk
2405578,desk
713936,desk
2405584,desk
2401488,desk
2405590,desk
285911,desk
2407639,desk
2401500,desk
2405605,desk
1592550,desk
2409704,desk
2407656,desk
1263,desk
2405615,desk
2401520,desk
1592569,desk
2411787,desk
285965,desk
285970,desk
1299,desk
1306,desk
1309,desk
2401576,desk
1592631,desk
2405697,desk
286033,desk
2405713,desk
286036,desk
2403669,desk
2403674,desk
2407774,desk
2401633,desk
1386,desk
1387,desk
1389,desk
1390,desk
1391,desk
1392,desk
1393,desk
1396,desk
1397,desk
2409845,desk
2409848,desk
2405753,desk
2409850,desk
2413954,desk
107916,desk
2409870,desk
2401696,desk
1592748,desk
107957,desk
3521,desk
1592772,desk
2405833,desk
2409930,desk
2403785,desk
1592785,desk
3546,desk
2407898,desk
1514,desk
1515,desk
1592812,desk
1517,desk
1518,desk
1519,desk
1520,desk
1521,desk
1522,desk
1523,desk
1592817,desk
1525,desk
1526,desk
1592823,desk
2407923,desk
2405876,desk
1549,desk
2405902,desk
3601,desk
1592868,desk
2410022,desk
3630,desk
3635,desk
3641,desk
3642,desk
1598,desk
2414159,desk
1618,desk
1619,desk
1620,desk
1621,desk
2410072,desk
3674,desk
2405978,desk
2401888,desk
3683,desk
2401892,desk
3685,desk
2410505,desk
2406013,desk
1662,desk
1664,desk
1665,desk
1667,desk
1668,desk
1669,desk
1672,desk
1673,desk
1674,desk
1677,desk
1678,desk
1683,desk
1684,desk
1685,desk
1686,desk
1688,desk
1689,desk
1691,desk
1701,desk
1703,desk
1704,desk
1705,desk
1706,desk
1707,desk
1708,desk
2412207,desk
2410163,desk
2406073,desk
1733,desk
2410181,desk
1735,desk
1743,desk
2414601,desk
2410238,desk
1593091,desk
2408202,desk
1593103,desk
2412305,desk
1593106,desk
2402073,desk
2406176,desk
1593129,desk
2410297,desk
3908,desk
3909,desk
1593156,desk
1593163,desk
2410322,desk
2410326,desk
2410329,desk
2402138,desk
1593200,desk
3956,desk
2408308,desk
2402169,desk
3966,desk
2406274,desk
3971,desk
2410377,desk
3981,desk
2406298,desk
1593243,desk
1593262,desk
1593267,desk
1977,desk
1980,desk
1986,desk
1987,desk
1990,desk
2402249,desk
1997,desk
1999,desk
2006,desk
2007,desk
4059,desk
4060,desk
4063,desk
2406374,desk
2406376,desk
2404334,desk
2412539,desk
4095,desk
4096,chair
2049,chair
4,chair
5,chair
6,chair
7,chair
8,chair
9,chair
10,chair
11,chair
2053,chair
13,chair
2056,chair
2059,chair
2062,chair
17,chair
18,chair
19,chair
20,chair
2068,chair
2065,chair
4114,chair
4117,chair
25,chair
27,chair
4123,chair
30,chair
4126,chair
34,chair
4131,chair
37,chair
39,chair
40,chair
42,chair
44,chair
4142,chair
4143,chair
4144,chair
4145,chair
70,chair
2118,chair
4169,chair
74,chair
76,chair
77,chair
78,chair
79,chair
4172,chair
2129,chair
2130,chair
2131,chair
4175,chair
85,chair
2134,chair
2133,chair
2135,chair
89,chair
90,chair
4184,chair
4186,chair
4187,chair
2142,chair
4188,chair
96,chair
4189,chair
4193,chair
4194,chair
4195,chair
4196,chair
4199,chair
2153,chair
107,chair
2156,chair
110,chair
2158,chair
112,chair
2159,chair
2163,chair
2164,chair
2165,chair
4212,chair
119,chair
2167,chair
2168,chair
122,chair
2170,chair
2171,chair
4215,chair
2174,chair
2175,chair
2177,chair
2178,chair
2179,chair
2180,chair
2181,chair
2182,chair
4226,chair
4227,chair
4232,chair
2191,chair
2192,chair
2193,chair
2195,chair
2196,chair
4246,chair
2199,chair
152,chair
153,chair
2200,chair
2201,chair
156,chair
2203,chair
2206,chair
2207,chair
4101,chair
4259,chair
2212,chair
2213,chair
2214,chair
167,chair
2215,chair
4263,chair
172,chair
173,chair
177,chair
4106,chair
180,chair
181,chair
184,chair
185,chair
4107,chair
4108,chair
4285,chair
193,chair
4290,chair
4291,chair
4292,chair
200,chair
212,chair
220,chair
4318,chair
4319,chair
4320,chair
228,chair
4324,chair
4327,chair
232,chair
4330,chair
4332,chair
4334,chair
239,chair
4335,chair
244,chair
247,chair
4346,chair
4347,chair
4349,chair
256,chair
4352,chair
258,chair
268,chair
4367,chair
278,chair
285,chair
4381,chair
4383,chair
289,chair
4391,chair
4393,chair
4404,chair
4406,chair
331,chair
347,chair
348,chair
369,chair
370,chair
4465,chair
4468,chair
4472,chair
380,chair
4480,chair
4481,chair
386,chair
387,chair
394,chair
4493,chair
4494,chair
402,chair
2450,chair
2452,chair
405,chair
406,chair
407,chair
408,chair
2453,chair
2454,chair
2455,chair
2457,chair
4506,chair
415,chair
420,chair
4529,chair
436,chair
4539,chair
4544,chair
4545,chair
4546,chair
4547,chair
4548,chair
4549,chair
4550,chair
470,chair
474,chair
484,chair
488,chair
491,chair
492,chair
4595,chair
507,chair
512,chair
514,chair
515,chair
4619,chair
4620,chair
4622,chair
528,chair
529,chair
4626,chair
4627,chair
4628,chair
536,chair
537,chair
4632,chair
4633,chair
4635,chair
4637,chair
545,chair
546,chair
547,chair
548,chair
549,chair
550,chair
551,chair
4641,chair
553,chair
4642,chair
555,chair
556,chair
557,chair
559,chair
565,chair
567,chair
569,chair
570,chair
574,chair
575,chair
578,chair
641,chair
676,chair
698,chair
724,chair
2784,chair
741,chair
2803,chair
798,chair
2919,chair
882,chair
884,chair
895,chair
918,chair
922,chair
937,chair
954,chair
956,chair
958,chair
966,chair
967,chair
3020,chair
997,chair
1003,chair
1005,chair
1007,chair
1008,chair
1009,chair
1024,chair
1026,chair
1027,chair
1045,chair
1046,chair
1049,chair
1053,chair
1067,chair
1075,chair
1076,chair
1078,chair
1079,chair
1096,chair
1097,chair
1099,chair
1100,chair
1102,chair
1104,chair
1106,chair
1108,chair
1109,chair
1110,chair
1112,chair
1117,chair
1122,chair
1125,chair
1143,chair
1150,chair
1151,chair
1156,chair
1162,chair
1167,chair
1168,chair
1169,chair
1172,chair
1177,chair
1179,chair
1186,chair
1187,chair
1195,chair
1196,chair
1199,chair
1200,chair
1202,chair
1205,chair
1208,chair
1217,chair
1224,chair
1225,chair
1226,chair
1251,chair
1253,chair
1256,chair
1257,chair
1263,chair
1268,chair
1271,chair
1276,chair
1277,chair
1278,chair
1288,chair
1295,chair
1299,chair
1301,chair
1302,chair
1304,chair
1305,chair
1306,chair
1308,chair
1309,chair
1310,chair
1311,chair
1315,chair
1316,chair
1318,chair
3369,chair
1340,chair
3391,chair
1344,chair
1360,chair
1361,chair
1364,chair
1367,chair
1369,chair
1377,chair
1378,chair
1386,chair
1387,chair
1389,chair
1390,chair
1391,chair
1392,chair
1396,chair
1397,chair
1398,chair
1399,chair
1414,chair
3466,chair
3494,chair
3521,chair
3526,chair
3546,chair
3559,chair
1515,chair
1516,chair
1519,chair
1520,chair
3572,chair
1526,chair
1543,chair
1549,chair
3621,chair
3630,chair
3635,chair
1590,chair
1591,chair
3642,chair
1598,chair
3650,chair
3660,chair
1618,chair
1619,chair
3674,chair
3680,chair
1662,chair
1665,chair
1668,chair
1669,chair
1672,chair
1677,chair
1683,chair
1684,chair
1685,chair
1687,chair
1688,chair
1689,chair
1690,chair
1691,chair
1699,chair
1701,chair
1703,chair
1704,chair
1708,chair
3777,chair
3780,chair
1733,chair
1734,chair
1735,chair
3781,chair
1741,chair
1744,chair
1745,chair
1746,chair
1747,chair
1748,chair
1774,chair
3830,chair
1790,chair
1792,chair
3892,chair
3893,chair
3896,chair
3897,chair
3904,chair
3909,chair
3928,chair
3929,chair
3930,chair
3947,chair
1905,chair
3963,chair
3965,chair
1919,chair
3968,chair
3972,chair
3975,chair
3980,chair
3981,chair
3984,chair
3986,chair
3987,chair
3988,chair
4000,chair
4001,chair
4009,chair
1963,chair
1973,chair
1977,chair
1980,chair
4034,chair
1987,chair
1988,chair
1989,chair
4035,chair
4036,chair
1992,chair
4039,chair
2001,chair
2004,chair
2007,chair
2011,chair
4059,chair
4061,chair
4063,chair
2017,chair
4066,chair
2020,chair
2027,chair
2028,chair
2029,chair
4078,chair
2031,chair
4081,chair
4083,chair
2039,chair
2044,chair
2049,shelf
4100,shelf
5,shelf
8,shelf
10,shelf
2059,shelf
4108,shelf
4109,shelf
4112,shelf
18,shelf
20,shelf
2410516,shelf
2073,shelf
31,shelf
32,shelf
2412577,shelf
34,shelf
40,shelf
2089,shelf
2097,shelf
2105,shelf
2106,shelf
4160,shelf
4161,shelf
66,shelf
74,shelf
2125,shelf
84,shelf
2133,shelf
2134,shelf
89,shelf
90,shelf
4188,shelf
4189,shelf
4196,shelf
61547,shelf
2414699,shelf
2160,shelf
1159282,shelf
121,shelf
1159289,shelf
2172,shelf
2173,shelf
2410624,shelf
1159301,shelf
2414727,shelf
4232,shelf
2410631,shelf
2191,shelf
4240,shelf
2196,shelf
2197,shelf
2200,shelf
153,shelf
2204,shelf
2208,shelf
2410658,shelf
1159331,shelf
2212,shelf
2213,shelf
2410661,shelf
167,shelf
2414761,shelf
170,shelf
1159338,shelf
4274,shelf
4275,shelf
4276,shelf
181,shelf
4277,shelf
1159347,shelf
2410677,shelf
2410676,shelf
4282,shelf
2410683,shelf
2408650,shelf
1159385,shelf
4315,shelf
2410718,shelf
2412767,shelf
2410720,shelf
4323,shelf
4326,shelf
4327,shelf
4328,shelf
1159400,shelf
4332,shelf
2410753,shelf
258,shelf
4356,shelf
1159430,shelf
2410759,shelf
497928,shelf
497929,shelf
4363,shelf
268,shelf
497931,shelf
2410764,shelf
2408721,shelf
1159447,shelf
2410775,shelf
4380,shelf
285,shelf
4381,shelf
712988,shelf
2414880,shelf
289,shelf
1159458,shelf
712996,shelf
2412839,shelf
4392,shelf
2408745,shelf
1159469,shelf
497968,shelf
1159472,shelf
1159478,shelf
2410811,shelf
4418,shelf
497988,shelf
333,shelf
497997,shelf
1159501,shelf
4436,shelf
2408799,shelf
713059,shelf
2412903,shelf
360,shelf
4461,shelf
2414962,shelf
381,shelf
2408829,shelf
498047,shelf
498051,shelf
2410890,shelf
498060,shelf
1159565,shelf
2410893,shelf
404,shelf
2452,shelf
406,shelf
408,shelf
4505,shelf
498073,shelf
2410908,shelf
498086,shelf
2408874,shelf
1159595,shelf
498092,shelf
1159599,shelf
2415026,shelf
713141,shelf
498103,shelf
4536,shelf
4547,shelf
4552,shelf
4553,shelf
498120,shelf
2410954,shelf
713171,shelf
2408915,shelf
498133,shelf
2408920,shelf
2410970,shelf
4572,shelf
713191,shelf
498153,shelf
1159660,shelf
498160,shelf
2415098,shelf
2411003,shelf
1159677,shelf
1591808,shelf
515,shelf
2415109,shelf
519,shelf
520,shelf
1591816,shelf
713223,shelf
1591819,shelf
2572,shelf
4620,shelf
526,shelf
713230,shelf
4625,shelf
713234,shelf
1591827,shelf
532,shelf
4630,shelf
1159702,shelf
540,shelf
4641,shelf
547,shelf
4649,shelf
1591849,shelf
555,shelf
562,shelf
563,shelf
4660,shelf
565,shelf
566,shelf
567,shelf
4664,shelf
4665,shelf
713268,shelf
2411065,shelf
1159740,shelf
574,shelf
575,shelf
2411075,shelf
2415172,shelf
1591879,shelf
2411087,shelf
2411094,shelf
713304,shelf
713307,shelf
2411107,shelf
498279,shelf
1591914,shelf
713333,shelf
2409080,shelf
1159804,shelf
498301,shelf
1159805,shelf
713346,shelf
498307,shelf
2411138,shelf
713363,shelf
713364,shelf
2411156,shelf
2409117,shelf
2411174,shelf
2409129,shelf
2409132,shelf
498366,shelf
1592000,shelf
2409153,shelf
713414,shelf
2409161,shelf
2409163,shelf
713421,shelf
2411213,shelf
498385,shelf
713429,shelf
498391,shelf
2409177,shelf
713434,shelf
2409183,shelf
1592032,shelf
2409186,shelf
1159913,shelf
4846,shelf
1159922,shelf
2409202,shelf
2409203,shelf
1592059,shelf
713472,shelf
2409227,shelf
713492,shelf
1159957,shelf
2411287,shelf
713500,shelf
4893,shelf
1592094,shelf
1159969,shelf
1592097,shelf
1592099,shelf
150310,shelf
713513,shelf
4906,shelf
4908,shelf
4909,shelf
1159988,shelf
713527,shelf
150328,shelf
4921,shelf
2411324,shelf
4928,shelf
4943,shelf
713551,shelf
713559,shelf
713564,shelf
713565,shelf
713572,shelf
1592167,shelf
713590,shelf
1592184,shelf
1592189,shelf
895,shelf
4991,shelf
713601,shelf
1160070,shelf
2409352,shelf
2409373,shelf
2409377,shelf
930,shelf
713634,shelf
934,shelf
713639,shelf
1592236,shelf
1592239,shelf
285616,shelf
1592243,shelf
2409397,shelf
1592248,shelf
2409403,shelf
1592269,shelf
1592271,shelf
2409426,shelf
2409428,shelf
2413525,shelf
713692,shelf
150501,shelf
2411495,shelf
713704,shelf
1005,shelf
1160186,shelf
150531,shelf
1592324,shelf
1033,shelf
1035,shelf
713740,shelf
1592332,shelf
150543,shelf
713743,shelf
713745,shelf
285714,shelf
2409490,shelf
1050,shelf
1051,shelf
1592349,shelf
1057,shelf
1160233,shelf
1592363,shelf
2413613,shelf
1592367,shelf
2413615,shelf
2413617,shelf
1160242,shelf
1592372,shelf
1079,shelf
2409539,shelf
1592392,shelf
2409547,shelf
1105,shelf
1107,shelf
2409564,shelf
1118,shelf
3169,shelf
285793,shelf
713829,shelf
2409576,shelf
1132,shelf
2413682,shelf
1143,shelf
1592440,shelf
2411639,shelf
1151,shelf
1592447,shelf
2409609,shelf
285834,shelf
2409611,shelf
1165,shelf
1168,shelf
713875,shelf
1172,shelf
1173,shelf
1177,shelf
3227,shelf
285852,shelf
1189,shelf
1192,shelf
1194,shelf
1592495,shelf
2409649,shelf
713910,shelf
2411707,shelf
1217,shelf
713934,shelf
713938,shelf
1245,shelf
2409695,shelf
285922,shelf
285931,shelf
1592560,shelf
2409725,shelf
1592574,shelf
1284,shelf
1592581,shelf
1592585,shelf
1293,shelf
285966,shelf
2409748,shelf
1306,shelf
2409754,shelf
2409762,shelf
1317,shelf
2409784,shelf
2409804,shelf
286033,shelf
1376,shelf
286048,shelf
1592672,shelf
1386,shelf
1391,shelf
2409840,shelf
286094,shelf
1592722,shelf
1592723,shelf
1592749,shelf
1592750,shelf
1592764,shelf
1592767,shelf
1592768,shelf
2409922,shelf
1592772,shelf
2411976,shelf
2411979,shelf
1592790,shelf
2409951,shelf
3563,shelf
1592815,shelf
1520,shelf
2409967,shelf
1525,shelf
1592839,shelf
1548,shelf
1549,shelf
1550,shelf
3597,shelf
1592856,shelf
2410043,shelf
1598,shelf
3651,shelf
1592906,shelf
3662,shelf
2414159,shelf
1592912,shelf
1592935,shelf
2414200,shelf
1662,shelf
1663,shelf
2410110,shelf
1665,shelf
1685,shelf
2412182,shelf
1592983,shelf
1691,shelf
1592992,shelf
2410144,shelf
1698,shelf
2410147,shelf
1700,shelf
1701,shelf
1702,shelf
1704,shelf
1707,shelf
2412207,shelf
1593008,shelf
2410170,shelf
1593024,shelf
1734,shelf
1735,shelf
2410189,shelf
1593041,shelf
2412242,shelf
1593082,shelf
2414335,shelf
2414356,shelf
2410263,shelf
1593116,shelf
2414388,shelf
2410297,shelf
2410307,shelf
2410312,shelf
1593169,shelf
2410329,shelf
2414436,shelf
3956,shelf
3965,shelf
2410367,shelf
1593220,shelf
2412434,shelf
3988,shelf
4011,shelf
4012,shelf
4013,shelf
4014,shelf
2410413,shelf
1979,shelf
4032,shelf
4033,shelf
4045,shelf
2410452,shelf
4054,shelf
2011,shelf
4061,shelf
2026,shelf
4083,shelf
2038,shelf
4093,shelf
6,glass
2055,glass
4108,glass
4111,glass
4117,glass
2074,glass
31,glass
32,glass
37,glass
2414631,glass
2096,glass
2109,glass
70,glass
72,glass
84,glass
92,glass
93,glass
94,glass
95,glass
4191,glass
99,glass
1159272,glass
1159273,glass
4204,glass
1159279,glass
2165,glass
1159285,glass
1159288,glass
2177,glass
2180,glass
4228,glass
61574,glass
61580,glass
61598,glass
2208,glass
2414761,glass
177,glass
180,glass
1159353,glass
4282,glass
1159357,glass
2414782,glass
4287,glass
4288,glass
2414783,glass
1159366,glass
199,glass
4311,glass
1159392,glass
228,glass
4324,glass
230,glass
4330,glass
4344,glass
712959,glass
2304,glass
4353,glass
712960,glass
712966,glass
4359,glass
264,glass
1159430,glass
4367,glass
1159443,glass
286,glass
4391,glass
2344,glass
713002,glass
1159472,glass
497988,glass
4423,glass
497991,glass
713040,glass
498002,glass
713046,glass
498014,glass
1159518,glass
1159519,glass
4454,glass
4455,glass
4456,glass
2412903,glass
4459,glass
498034,glass
2424,glass
1159547,glass
1159548,glass
2438,glass
713109,glass
1159577,glass
498079,glass
417,glass
713121,glass
713126,glass
1159592,glass
1159598,glass
713137,glass
713141,glass
4535,glass
713147,glass
2412990,glass
498115,glass
713164,glass
498135,glass
473,glass
1591778,glass
1591783,glass
713198,glass
498159,glass
1159666,glass
1591800,glass
713210,glass
2415098,glass
2555,glass
4619,glass
713228,glass
525,glass
2415117,glass
1159694,glass
713234,glass
4627,glass
1159701,glass
4638,glass
543,glass
713250,glass
547,glass
1159714,glass
1159718,glass
553,glass
556,glass
557,glass
2415155,glass
1159731,glass
565,glass
713269,glass
1159732,glass
498232,glass
1159733,glass
578,glass
713283,glass
2411075,glass
4683,glass
2411086,glass
1159759,glass
2411087,glass
498257,glass
1159768,glass
713309,glass
498271,glass
498276,glass
1159782,glass
1159794,glass
1591930,glass
1159805,glass
713345,glass
1591940,glass
2411141,glass
1159818,glass
713355,glass
4750,glass
713359,glass
4753,glass
664,glass
498328,glass
4765,glass
713374,glass
498339,glass
4774,glass
4775,glass
4777,glass
4778,glass
498345,glass
498346,glass
713387,glass
4782,glass
1159850,glass
4784,glass
1591979,glass
4789,glass
1591990,glass
4791,glass
4792,glass
4793,glass
4794,glass
4795,glass
4796,glass
1591994,glass
1591995,glass
2411198,glass
4800,glass
498369,glass
1592001,glass
4803,glass
4804,glass
4805,glass
4806,glass
4807,glass
4808,glass
4809,glass
4810,glass
4811,glass
4812,glass
713418,glass
4815,glass
4817,glass
4818,glass
4819,glass
713427,glass
713429,glass
4822,glass
4823,glass
2777,glass
4825,glass
1159898,glass
1592026,glass
4829,glass
4830,glass
4831,glass
4832,glass
4833,glass
498397,glass
713441,glass
2789,glass
4837,glass
4839,glass
4840,glass
4841,glass
4842,glass
498411,glass
1159909,glass
1592038,glass
4846,glass
751,glass
4847,glass
4848,glass
4851,glass
4855,glass
4856,glass
4857,glass
4858,glass
2411258,glass
4861,glass
4862,glass
1592061,glass
4864,glass
713473,glass
4867,glass
773,glass
2411272,glass
150281,glass
713482,glass
1592074,glass
150293,glass
150296,glass
4889,glass
4891,glass
1592097,glass
4900,glass
1159973,glass
2413356,glass
1592110,glass
818,glass
2411317,glass
150327,glass
1592120,glass
2411320,glass
1592125,glass
2413374,glass
2879,glass
150337,glass
150343,glass
713551,glass
713553,glass
1592145,glass
713556,glass
713565,glass
2411359,glass
1592163,glass
2411367,glass
4969,glass
1160041,glass
4971,glass
1592175,glass
713585,glass
1592178,glass
888,glass
2411384,glass
1592190,glass
713599,glass
713600,glass
150407,glass
2411400,glass
1160080,glass
1592216,glass
713625,glass
1160094,glass
1160097,glass
150434,glass
713634,glass
150437,glass
285615,glass
713647,glass
1592242,glass
713651,glass
1592243,glass
150457,glass
150460,glass
1160130,glass
285639,glass
1160143,glass
2411476,glass
2411477,glass
285654,glass
150496,glass
713699,glass
997,glass
2411493,glass
713704,glass
150505,glass
1002,glass
713706,glass
150510,glass
713710,glass
1592302,glass
1160177,glass
285689,glass
713726,glass
285694,glass
1160192,glass
2411521,glass
713740,glass
1045,glass
1592342,glass
2413593,glass
1052,glass
1592348,glass
3107,glass
1592358,glass
713769,glass
713770,glass
1592361,glass
3116,glass
1069,glass
713776,glass
1160246,glass
1160248,glass
1592392,glass
1104,glass
713812,glass
285787,glass
713822,glass
1592416,glass
713826,glass
713831,glass
713842,glass
1143,glass
713850,glass
713852,glass
1592446,glass
713861,glass
1592453,glass
1592470,glass
1176,glass
1592476,glass
285853,glass
713890,glass
713897,glass
2411707,glass
285887,glass
1592513,glass
285891,glass
1225,glass
713946,glass
1244,glass
1592549,glass
285930,glass
1592554,glass
285932,glass
2411755,glass
1592563,glass
1592564,glass
1276,glass
1592581,glass
285965,glass
1592592,glass
1314,glass
2411815,glass
1592629,glass
1336,glass
1337,glass
1338,glass
1339,glass
286011,glass
1342,glass
1343,glass
3391,glass
1345,glass
3392,glass
1592639,glass
1592644,glass
1349,glass
1351,glass
286023,glass
1353,glass
2413899,glass
1356,glass
286033,glass
1368,glass
286041,glass
286048,glass
1592675,glass
286055,glass
286070,glass
1401,glass
286075,glass
107909,glass
1592713,glass
107916,glass
1592720,glass
107927,glass
107942,glass
1592743,glass
107955,glass
3509,glass
1592762,glass
2414020,glass
1592781,glass
3544,glass
2414042,glass
1592829,glass
1592853,glass
2414102,glass
3630,glass
1592879,glass
1592894,glass
1611,glass
1592913,glass
1592922,glass
3683,glass
1592935,glass
1644,glass
1592944,glass
1592953,glass
2412153,glass
1592958,glass
1592971,glass
1677,glass
3727,glass
1681,glass
2414233,glass
1701,glass
1593007,glass
1593013,glass
1593017,glass
1593033,glass
2414283,glass
1746,glass
2412242,glass
2414292,glass
1593055,glass
1593056,glass
2412262,glass
2412264,glass
1593065,glass
1773,glass
1593069,glass
1593093,glass
1593101,glass
1593105,glass
1593110,glass
2414358,glass
1822,glass
1823,glass
1593121,glass
3900,glass
2412354,glass
1593159,glass
2414412,glass
1593169,glass
1593181,glass
3935,glass
3963,glass
3964,glass
1593212,glass
3970,glass
3972,glass
3987,glass
1593238,glass
3994,glass
2412442,glass
4018,glass
4032,glass
1990,glass
4047,glass
2414545,glass
4061,glass
2017,glass
2412520,glass
2414570,glass
4081,glass
